time,ip,tokens,label
1,192.168.1.5,youtube_video_id=xyz789,autoplay=true,YouTube
2,192.168.1.6,whatsapp_msg=true,contact_sync=enabled,WhatsApp
3,192.168.1.7,spotify_track=true,shuffle=true,Spotify
4,192.168.1.5,ad_request=enabled,
5,192.168.1.8,facebook_post=true,like_button=clicked,Facebook
6,192.168.1.9,netflix_stream=true,episode=next,Netflix
7,192.168.1.10,game_id=angry_birds,u_audio=0,Angry Birds
8,192.168.1.6,media_upload=image,
9,192.168.1.11,gmail_inbox=true,attachment=true,Gmail
10,192.168.1.12,instagram_story=true,filter=applied,Instagram
11,192.168.1.5,video_quality=hd,YouTube
12,192.168.1.13,tiktok_video=true,effect=applied,TikTok
13,192.168.1.14,uber_ride=true,destination=set,Uber
14,192.168.1.6,group_chat=true,WhatsApp
15,192.168.1.15,linkedin_post=true,connect=true,LinkedIn
16,192.168.1.7,playlist_add=true,Spotify
17,192.168.1.8,notification=true,
18,192.168.1.16,amazon_search=true,category=electronics,Amazon
19,192.168.1.5,comment=true,YouTube
20,192.168.1.17,zoom_meeting=true,host=true,Zoom
21,192.168.1.9,watchlist_add=true,Netflix
22,192.168.1.10,rovio_verify=true,
23,192.168.1.18,pinterest_pin=true,board=create,Pinterest
24,192.168.1.12,reel_view=true,Instagram
25,192.168.1.7,offline_download=true,Spotify
26,192.168.1.19,reddit_post=true,upvote=true,Reddit
27,192.168.1.6,voice_call=true,WhatsApp
28,192.168.1.20,twitch_stream=true,chat=true,Twitch
29,192.168.1.5,like=true,YouTube
30,192.168.1.8,share=true,Facebook
31,192.168.1.21,dropbox_upload=true,folder=shared,Dropbox
32,192.168.1.13,duet=true,
33,192.168.1.7,artist_follow=true,Spotify
34,192.168.1.9,buffer=true,
35,192.168.1.22,slack_message=true,channel=general,Slack
36,192.168.1.5,autoplay=true,YouTube
37,192.168.1.14,price_estimate=true,
38,192.168.1.10,level_complete=true,Angry Birds
39,192.168.1.23,snapchat_snap=true,filter=fun,Snapchat
40,192.168.1.12,post_like=true,Instagram
41,192.168.1.6,status_update=true,
42,192.168.1.15,job_search=true,LinkedIn
43,192.168.1.7,lyrics_display=true,Spotify
44,192.168.1.24,twitter_tweet=true,hashtag=trending,Twitter
45,192.168.1.5,ad_request=enabled,
46,192.168.1.8,friend_request=accepted,Facebook
47,192.168.1.25,partnerId=abc123,version=7.2,TuneIn Radio
48,192.168.1.13,challenge=join,TikTok
49,192.168.1.9,subtitle=enabled,Netflix
50,192.168.1.20,follow=true,Twitch
51,192.168.1.5,comment=enabled,YouTube
52,192.168.1.14,payment=card,Uber
53,192.168.1.26,u_audio=high,
54,192.168.1.12,filter=applied,Instagram
55,192.168.1.7,shuffle=true,Spotify
56,192.168.1.27,share=true,Reddit
57,192.168.1.6,media_upload=image,
58,192.168.1.15,endorse=true,LinkedIn
59,192.168.1.5,video_id=test456,YouTube
60,192.168.1.28,category=movies,Amazon
61,192.168.1.8,timeline_scroll=true,Facebook
62,192.168.1.13,effect=enhanced,TikTok
63,192.168.1.9,genre=drama,Netflix
64,192.168.1.29,download=true,Dropbox
65,192.168.1.25,stream_quality=high,TuneIn Radio
66,192.168.1.5,buffer=enabled,YouTube
67,192.168.1.14,rating=true,Uber
68,192.168.1.12,story_upload=true,Instagram
69,192.168.1.7,queue_next=true,Spotify
70,192.168.1.30,thread=true,
71,192.168.1.6,call_initiated=true,WhatsApp
72,192.168.1.10,pig_destroyed=true,Angry Birds
73,192.168.1.24,retweet=true,Twitter
74,192.168.1.20,donate=true,Twitch
75,192.168.1.5,subtitle=enabled,YouTube
76,192.168.1.8,share=enabled,Facebook
77,192.168.1.31,cart_add=true,Amazon
78,192.168.1.13,sound_effect=true,TikTok
79,192.168.1.9,autoplay=enabled,Netflix
80,192.168.1.32,channel=tech,Slack
81,192.168.1.25,partnerId=xwhZ,TuneIn Radio
82,192.168.1.5,recommendation=true,YouTube
83,192.168.1.14,cancel_request=true,Uber
84,192.168.1.12,dm_sent=true,Instagram
85,192.168.1.7,repeat=on,Spotify
86,192.168.1.33,member_join=true,Reddit
87,192.168.1.6,pin_message=true,WhatsApp
88,192.168.1.15,message_sent=true,LinkedIn
89,192.168.1.5,ad_skipped=true,YouTube
90,192.168.1.8,comment=true,Facebook
91,192.168.1.34,wishlist_item=added,Amazon
92,192.168.1.13,collaborate=true,TikTok
93,192.168.1.9,rating=5star,Netflix
94,192.168.1.21,share_link=true,Dropbox
95,192.168.1.25,volume=max,TuneIn Radio
96,192.168.1.5,pause=true,YouTube
97,192.168.1.14,arrive=detected,Uber
98,192.168.1.12,hashtag=search,Instagram
99,192.168.1.7,skip=true,Spotify
100,192.168.1.30,emoji_react=true,Slack